event_id,start_timestamp,end_timestamp,event_type,expected_category,affected_variables,description,data_origin
SYN-E001,2025-01-11T00:00:00+07:00,2025-01-11T11:00:00+07:00,missing_signal,missing_data,river_ec_us_cm,Simulated EC signal loss.,SYNTHETIC / SIMULATED — NOT FACTORY DATA
SYN-E002,2025-01-21T20:00:00+07:00,2025-01-22T12:00:00+07:00,sensor_frozen,sensor_anomaly_candidate,pump_3_ts_hz;pump_3_current_a;pump_3_temperature_c;pump_3_power_kw,Pump 3 values deliberately frozen.,SYNTHETIC / SIMULATED — NOT FACTORY DATA
SYN-E003,2025-02-01T06:00:00+07:00,2025-02-01T06:00:00+07:00,isolated_spike,sensor_anomaly_candidate,river_ec_us_cm,One-hour EC spike without supporting changes.,SYNTHETIC / SIMULATED — NOT FACTORY DATA
SYN-E004,2025-02-07T12:00:00+07:00,2025-02-10T11:00:00+07:00,gradual_drift,sensor_anomaly_candidate,pump_2_temperature_c,Synthetic gradual temperature drift.,SYNTHETIC / SIMULATED — NOT FACTORY DATA
SYN-E005,2025-02-22T02:00:00+07:00,2025-02-22T11:00:00+07:00,missing_measurement,missing_data,raw_water_turbidity_ntu,Missing raw-water turbidity measurements.,SYNTHETIC / SIMULATED — NOT FACTORY DATA
SYN-E006,2025-03-02T10:00:00+07:00,2025-03-04T02:00:00+07:00,persistent_multivariable_shift,process_or_environmental_anomaly_candidate,raw_water_turbidity_ntu;settling_turbidity_ntu;filter_1_turb_ntu;filter_2_turb_ntu,Persistent simulated turbidity process disturbance.,SYNTHETIC / SIMULATED — NOT FACTORY DATA
SYN-E007,2025-03-08T16:00:00+07:00,2025-03-08T16:00:00+07:00,invalid_negative_value,sensor_anomaly_candidate,pump_1_current_a,Physically invalid negative current for validation test.,SYNTHETIC / SIMULATED — NOT FACTORY DATA
SYN-E008,2025-03-17T00:00:00+07:00,2025-03-17T00:00:00+07:00,duplicate_record,duplicate_data,timestamp,Duplicate timestamp/record appended to file.,SYNTHETIC / SIMULATED — NOT FACTORY DATA
SYN-E009,2025-03-21T04:00:00+07:00,2025-03-21T05:00:00+07:00,out_of_order_records,timeliness_issue,timestamp,Adjacent records deliberately out of chronological order.,SYNTHETIC / SIMULATED — NOT FACTORY DATA
